<?xml version = "1.0" encoding = "UTF-8"?>
        <!DOCTYPE suite SYSTEM "http://testng.org/testng-1.0.dtd" >

<suite name = "FAQSuite">
<test name = "test1">
<classes>

        <class name = "testcases.FAQHistoryTest" />
</classes>
</test>
        <test name = "test2">
                <classes>

                        <class name = "testcases.FAQHistorySearchTest" />
                </classes>
        </test>
        <test name = "test3">
                <classes>

                        <class name = "testcases.FAQTrainBotTest" />
                </classes>
        </test>
        <test name = "test4">
                <classes>

                        <class name = "testcases.FAQUserInteractionsTest" />
                </classes>
        </test>
        <test name = "test5">
                <classes>

                        <class name = "testcases.FAQViewExportHistoryTest" />
                </classes>
        </test>


</suite>