<?xml version = "1.0" encoding = "UTF-8"?>
        <!DOCTYPE suite SYSTEM "http://testng.org/testng-1.0.dtd" >

<suite name = "FAQSuite">


        <test name = "FAQ History verification">
                <classes>

                        <class name = "testcases.FAQHistoryTest" />
                </classes>
        </test>

        <test name = "FAQ Search verification">
                <classes>

                        <class name = "testcases.FAQHistorySearchTest" />
                </classes>
        </test>

        <test name = "FAQ User interaction verification">
                <classes>

                        <class name = "testcases.FAQUserInteractionsTest" />
                </classes>
        </test>

        <test name = "FAQ View Export History verification">
                <classes>

                        <class name = "testcases.FAQViewExportHistoryTest" />
                </classes>
        </test>

        <test name = "FAQ TrainBot verification">
                <classes>

                        <class name = "testcases.FAQTrainBotTest" />
                </classes>
        </test>



</suite>