<?xml version = "1.0" encoding = "UTF-8"?>
<!DOCTYPE suite SYSTEM "http://testng.org/testng-1.0.dtd" >

<suite name="FAQSuite">
    <test name="FAQHistorySearchTest">
        <classes>

            <class name="testCases.FAQHistorySearchTest"/>
        </classes>
    </test>
    <test name="FAQHistoryTest">
        <classes>

            <class name="testCases.FAQHistoryTest"/>
        </classes>
    </test>
    <test name="FAQUserInteractionsTest">
        <classes>

            <class name="testCases.FAQUserInteractionsTest"/>
        </classes>
    </test>
    <test name="FAQViewExportHistoryTest">
        <classes>

            <class name="testCases.FAQViewExportHistoryTest"/>
        </classes>
    </test>


</suite>